Agent Name,Trading Name,Area,Province
Anika,A.R HASSIM OPTOMETRIST,POLOKWANE,LIMPOPO
Anika,ADELE COWLEY OPTOMETRIST,WITBANK,MPUMALANGA
Anika,ADRIAN YSSEL OPTOMETRISTS DYN-001-D2,SECUNDA,MPUMALANGA
Anika,ADRIAN YSSEL OPTOMETRISTS-LUXURY,SECUNDA,MPUMALANGA
Anika,ADRIAN YSSEL OPTOMETRISTS-PUMA,SECUNDA,MPUMALANGA
Anika,AVON MITRI OPTOMETRIST,SANDTON,GAUTENG CENTRAL
Anika,BERNADETTE VIEIRA OPTOMETRIST,MALELANE,MPUMALANGA
Anika,BERNADETTE VIEIRA OPTOMETRIST DYN-001-D3,MALELANE,MPUMALANGA
Anika,BERNADETTE VIEIRA OPTOMETRIST-PUMA,MALELANE,MPUMALANGA
Anika,BHIKA OPTOMETRIST,ERMELO,MPUMALANGA
Anika,BOSTON GARDENS CC,SANDTON,GAUTENG CENTRAL
Anika,C M PHATUDI OPTOMETRIST,WITBANK,MPUMALANGA
Anika,C MABASO OPTOMETRIST,ILLOVO,GAUTENG CENTRAL
Anika,CARLA LYLE OPTOMETRY,MIDDELBURG,MPUMALANGA
Anika,CASSIM PEER OPTOMETRIST,SOPHIATOWN,GAUTENG CENTRAL
Anika,CEDAR SQUARE OPTOMETRISTS,FOURWAYS,GAUTENG CENTRAL
Anika,CHAPLIN OPTOMETRISTS,BRAAMFONTEIN,GAUTENG CENTRAL
Anika,CLASSIC EYEWEAR OPTOMETRIST,NELSPRUIT,MPUMALANGA
Anika,CLEAR SOLUTIONS OPTOMETRIST,SANDTON,GAUTENG CENTRAL
Anika,COUTURIERE,SANDTON,GAUTENG CENTRAL
Anika,D. A. KENYON OPTOMETRIST,NELSPRUIT,MPUMALANGA
Anika,DE NECKER OPTOMETRIST,SECUNDA,MPUMALANGA
Anika,DONNA VAN DER MERWE OPTOMETRIST,SASOLBURG,MPUMALANGA
Anika,DR A BULBULIA OPTOMETRIST,FORDSBURG,GAUTENG CENTRAL
Anika,DRY OPTOMETRIST,TZANEEN,LIMPOPO
Anika,DVN FOURWAYS MALL OPTOMETRIST -LUXURY,FOURWAYS,GAUTENG CENTRAL
Anika,DVN FOURWAYS MALL OPTOMETRIST-PUMA,FOURWAYS,GAUTENG CENTRAL
Anika,DVN MV NDLOVU OPTOMETRISTS,GIYANI,LIMPOPO
Anika,DVN NELSPRUIT- LUXURY,NELSPRUIT,MPUMALANGA
Anika,DVN NELSPRUIT- PUMA,NELSPRUIT,MPUMALANGA
Anika,DVN VHUTSHILO OPTOMETRIS,THOHOYANDOU,LIMPOPO
Anika,DVN VHUTSHILO OPTOMETRIST,THOHOYANDOU,LIMPOPO
Anika,DVN WHITE RIVER- LUXURY,WHITE RIVER,MPUMALANGA
Anika,DVN WHITE RIVER- PUMA,WHITE RIVER,MPUMALANGA
Anika,DYNAMIC VISION ANDRE VAN DER MERWE OPTOMETRISTS,KIMBERLEY,NORTHERN CAPE
Anika,DYNAMIC VISION ANDRE VAN DER MERWE-PUMA OPTOMETRISTS,KIMBERLEY,NORTHERN CAPE
Anika,DYNAMIC VISION GROUP [DYN-002] PUMA-PUMA,SANDTON,GAUTENG CENTRAL
Anika,DYNAMIC VISION GROUP [DYN-003] LUXURY,SANDTON,GAUTENG CENTRAL
Anika,DYNAMIC VISION NELSPRUIT,NELSPRUIT,MPUMALANGA
Anika,ENGELBRECHT OOGKUNCLIGES,UPINGTON,NORTHERN CAPE
Anika,ENNIE OPTICALS,POLOKWANE,LIMPOPO
Anika,ENSIGHT VISION,MELLVILLE,GAUTENG CENTRAL
Anika,ET MOCHEKO OPTOMETRIST ,LEPHALALE,LIMPOPO
Anika,EXECUSPECS BRYANSTON,BRYANSTON,GAUTENG CENTRAL
Anika,EXECUSPECS CHARTWELL CORNER,DAINFERN,GAUTENG CENTRAL
Anika,EXECUSPECS HIGHVELD MALL,WITBANK,MPUMALANGA
Anika,EXECUSPECS ILONGA MALL,NELSPRUIT,MPUMALANGA
Anika,EXECUSPECS KALAHARI MALL,UPINGTON,NORTHERN CAPE
Anika,EXECUSPECS KYALAMI,KYALAMI,GAUTENG CENTRAL
Anika,EXECUSPECS THE MARC,SANDTON,GAUTENG CENTRAL
Anika,EXPERT EYES OPTOM,BRAAMFONTEIN,GAUTENG CENTRAL
Anika,EYBERS OPTOMETRIST,MBOMBELA,MPUMALANGA
Anika,EYECANDY,HYDEPARK,GAUTENG CENTRAL
Anika,EYECARE BOUTIQUE OPTOMETRIST,WHITE RIVER,MPUMALANGA
Anika,EYECATCHERS KATHU ,KURUMAN,NORTHERN CAPE
Anika,EYECATCHERS KATHU VILLAGE MALL,KURUMAN,NORTHERN CAPE
Anika,EYECATCHERS KURUMAN,KURUMAN,NORTHERN CAPE
Anika,EYECATCHERS OPTOMETRIST,KURUMAN,NORTHERN CAPE
Anika,EYECATCHERS POSTMASBURG,KURUMAN,NORTHERN CAPE
Anika,EYEGAME OPTOMETRIST,SECUNDA,MPUMALANGA
Anika,EYELEGANCE OPTOMETRISTS,SANDTON,GAUTENG CENTRAL
Anika,EYESENTIALS OPTOMETRIST,FORDSBURG,GAUTENG CENTRAL
Anika,EYESET OPTICAL,MOKOPANE,LIMPOPO
Anika,FILIPER DOS SANTOS,SANDTON,GAUTENG CENTRAL
Anika,FREEMAN OPTOMETRISTS,NELSPRUIT,MPUMALANGA
Anika,GABRIEL OPTICAL OPTOMETRIST,JAN KEMPDORP,NORTHERN CAPE
Anika,GAIL ALTONA,TZANEEN,LIMPOPO
Anika,GEORGE VAN DER HOVEN OOGKUNDIGE,MODIMOLLE,LIMPOPO
Anika,GLOBAL EYES - FORDSBURG,FORDSBURG,GAUTENG CENTRAL
Anika,GLOBAL EYES - ILLOVO,SANDTON,GAUTENG CENTRAL
Anika,H&S OPTICAL,STANDERTON,MPUMALANGA
Anika,HANNES ZWARTS EYE CARE,ERMELO,MPUMALANGA
Anika,HAROUN BULBULIA OPTOMETRIST,FORDSBURG,GAUTENG CENTRAL
Anika,HLATYWAYO L M,NELSPRUIT,MPUMALANGA
Anika,HLOKOA OPTOMETRIST,POLOKWANE,LIMPOPO
Anika,HOEDSPRUIT OPTOMETIST ,HOEDSPRUIT,LIMPOPO
Anika,ILANGA EYEWEAR OPTOMETRISTS,NELSPRUIT,MPUMALANGA
Anika,IMIBALA OPTOMETRISTS,MIDDELBURG,MPUMALANGA
Anika,ISHADE OPTICAL (PTY) LTD,POLOKWANE,LIMPOPO
Anika,IWEAR HUB OPTOMETRISTS,THOHOYANDOU,LIMPOPO
Anika,IWISE OPTOMETRIST,POLOKWANE,LIMPOPO
Anika,JASON STANDER OPTOMETRISTS,POLOKWANE,LIMPOPO
Anika,JC & A EYEWEAR CONSULTANTS,SANDTON,GAUTENG CENTRAL
Anika,JINAS OPTICAL CENTRE,NELSPRUIT,MPUMALANGA
Anika,JOLINDI FOURIE OOGKUNDIGE,ERMELO,MPUMALANGA
Anika,JONES AND KENT,SANDTON,GAUTENG CENTRAL
Anika,JOOSTE OPTOMETRISTS,UPINGTON,NORTHERN CAPE
Anika,JUST VISION KIMBERLY,KIMBERLEY,NORTHERN CAPE
Anika,K MISTRI T/A CITY EYES OPTOMETRISTS,JOHANNESBURG,GAUTENG CENTRAL
Anika,K.OPTOMS,ELIM,LIMPOPO
Anika,KABAKA OPTICA COMERCIO,BEZUIDENHOUT VALLEY,GAUTENG CENTRAL
Anika,KATEKA THE SAFARI & WELLNESS EXPERIENCE,HOEDSPRUIT,LIMPOPO
Anika,KELVIN OPTOMETRIST,SANDTON,GAUTENG CENTRAL
Anika,KHALIQUES - CEDAR SQUARE,FOURWAYS,GAUTENG CENTRAL
Anika,KHALIQUES - ORIENTAL PLAZA,FORDSBURG,GAUTENG CENTRAL
Anika,KHALIQUES - SANDTON,SANDTON,GAUTENG CENTRAL
Anika,KHALIQUES HEAD OFFICE,SANDTON,GAUTENG CENTRAL
Anika,KHOTA OPTOMETRIST,SECUNDA,MPUMALANGA
Anika,KRL MOTSINONI OPTOMETRIST,MODJADJISKLOOF,LIMPOPO
Anika,KWAGGA PLAZA OPTOMETRIST,KWAGGAFONTEIN,MPUMALANGA
Anika,KYK OOGKUNDIGES,HOEDSPRUIT,LIMPOPO
Anika,LA BOUTIQUE EYEWEAR,SANDTON,GAUTENG CENTRAL
Anika,LA MODA OPTOMETRIST,HOUGHTON,GAUTENG CENTRAL
Anika,LAURENCE STROUS OPTOMETRIST,PARKTOWN,GAUTENG CENTRAL
Anika,LG OPTOMETRIST KURUMAN,KURUMAN,NORTHERN CAPE
Anika,LG OPTOMETRIST KURUMAN-PUMA,KURUMAN,NORTHERN CAPE
Anika,LOOKIN EYECARE SPECIALISTS,MELLVILLE,GAUTENG CENTRAL
Anika,LUMINA-EYE CARE BY VISION CENTRE,SANDTON,GAUTENG CENTRAL
Anika,M & M OPTICAL,ROSEBANK,GAUTENG CENTRAL
Anika,M M PILANE OPTOMETRIST,NELSPRUIT,MPUMALANGA
Anika,M.GRAY,SANDTON,GAUTENG CENTRAL
Anika,M.M PATEL OPTOMETRIST,KIMBERLEY,NORTHERN CAPE
Anika,MAFOKOANE A.L OPTOMETRIST,POLOKWANE,LIMPOPO
Anika,MAGAGULA OPTOMETRIST,EMALAHLENI,MPUMALANGA
Anika,MALELE DM OPTOMETRIST,LYDENBURG,MPUMALANGA
Anika,MARINGA OPTOMETRIST,GIYANI,LIMPOPO
Anika,MARK LAWRENCE OPTOMETRIST,STANDERTON,MPUMALANGA
Anika,MATHOSA OPTOMETRIST,POLOKWANE,LIMPOPO
Anika,MAXI VISION,ERMELO,MPUMALANGA
Anika,MBOMBI OPTOMETRIST,MIDDELBURG,MPUMALANGA
Anika,MD RAMASOBANAS OPTOMETRIST,POLOKWANE,LIMPOPO
Anika,MEHLAPE D MPHURE OPTOMETRISTS,GROBLERSDAL,LIMPOPO
Anika,MELENZA OPTOMETRIST,SANDTON,GAUTENG CENTRAL
Anika,MELINA PANAYIOTOU,BRYANSTON,GAUTENG CENTRAL
Anika,MELLINS I-STYLE,SANDTON,GAUTENG CENTRAL
Anika,MIDDELBURG OOGKUNDIGES,MIDDELBURG,MPUMALANGA
Anika,MJ EYEWEAR OPTICALS,SANDTON,GAUTENG CENTRAL
Anika,MOLDOVANOS & SWANEPOEL OPTOMETRISTS,POLOKWANE,LIMPOPO
Anika,MOLOKO OPTOMETRIST,LEPHALALE,LIMPOPO
Anika,"MOSANA OPTOMESTRIST	",POLOKWANE,LIMPOPO
Anika,MOVIZION OPTOMETRIST,FOURWAYS,GAUTENG CENTRAL
Anika,MTHOMBENI OPTOMETRIST,GIYANI,LIMPOPO
Anika,N E MUTAHDANYI OPTOMETRIST,BENMORE,GAUTENG CENTRAL
Anika,NALEDI R MOLOTO,PARKTOWN,GAUTENG CENTRAL
Anika,NELSPRUIT EYEWEAR OPTOMETRIST,NELSPRUIT,MPUMALANGA
Anika,NICOLE LEVY OPTOMETRISTS,ROSEBANK,GAUTENG CENTRAL
Anika,NIRVANA SINGH OPTOMETRIST,JOHANNESBURG,GAUTENG CENTRAL
Anika,NKOANE MH OPTOMETRIST,TZANEEN,LIMPOPO
Anika,NKWANYANA OPTOMETRIST,SECUNDA,MPUMALANGA
Anika,NTHEKANG OPTOMETRIST,KURUMAN,NORTHERN CAPE
Anika,OPTICAL CENTRE ,SANDTON,GAUTENG CENTRAL
Anika,OPTICALLY YOURS,EMMARENTIA,GAUTENG CENTRAL
Anika,OPTICROSS OPTOMETRIST,SANDTON,GAUTENG CENTRAL
Anika,OPTIK OPTOMETRIST,MELROSE ARCH,GAUTENG CENTRAL
Anika,OPTIMAX,BRYANSTON,GAUTENG CENTRAL
Anika,OPTIQUE OPTOMETRISTS BENMORE (PTY) LTD,SANDTON,GAUTENG CENTRAL
Anika,OSMAN - MIDDLEBURG,MIDDELBURG,MPUMALANGA
Anika,OSMANS OPTICAL,MIDDELBURG,MPUMALANGA
Anika,OSMANS OPTOMETRIST,MIDDELBURG,MPUMALANGA
Anika,OSMANY OPTICAL INC,FORDSBURG,GAUTENG CENTRAL
Anika,PAIGE ONE OPTICAN,SANDTON,GAUTENG CENTRAL
Anika,PETRA OPTICALS OPTOMETRISTS,POLOKWANE,LIMPOPO
Anika,PHYLLIS OPTOMETRIST,MUSINA,LIMPOPO
Anika,PK OUTFITTERS,FORDSBURG,GAUTENG CENTRAL
Anika,PULANE OPTOMETRIST,SECUNDA,MPUMALANGA
Anika,R BAKER OPTOMETRIST,POLOKWANE,LIMPOPO
Anika,RA MANABILE OPTOMETRISTS,POLOKWANE,LIMPOPO
Anika,RASHITA OODIT OPTOMETRIST,SANDTON,GAUTENG CENTRAL
Anika,RETIEFS OPTOMETRIST,MIDDELBURG,MPUMALANGA
Anika,RIVONIA OPTOMETRIST,SANDTON,GAUTENG CENTRAL
Anika,ROSEMEDVISION OPTOMETRISTS,ROSEBANK,GAUTENG CENTRAL
Anika,ROSEWALL-MCCARTHY OPTOMETRISTS,CRAIGHALL,GAUTENG CENTRAL
Anika,SANDTON OPTOMETRISTS,SANDTON,GAUTENG CENTRAL
Anika,SELAPISA OPTOMETRIST,SECUNDA,MPUMALANGA
Anika,SHABBIER A. Y. MOTALA OPTOMETRIST,POLOKWANE,LIMPOPO
Anika,SPEC STATION,BRAAMFONTEIN,GAUTENG CENTRAL
Anika,SPEC STATION,BRAAMFONTEIN,GAUTENG CENTRAL
Anika,SPECS XPRESS,POLOKWANE,LIMPOPO
Anika,SPEC-STATE,SANDTON,GAUTENG CENTRAL
Anika,SPECTACLE HUT CROSSING,MALAMULELE,LIMPOPO
Anika,SPECTACLE HUT ELIM,ELIM,LIMPOPO
Anika,SPECTACLE HUT GIYANI,GIYANI,LIMPOPO
Anika,SPECTACLE HUT LEPHALALE,LEPHALALE,LIMPOPO
Anika,SPECTACLE HUT LIBRARY,POLOKWANE,LIMPOPO
Anika,SPECTACLE HUT MAKHADO,MAKHADO,LIMPOPO
Anika,SPECTACLE HUT MALAMULELE,MALAMULELE,LIMPOPO
Anika,SPECTACLE HUT MUSINA,MUSINA,LIMPOPO
Anika,SPECTACLE HUT OPTOMETRIST THULAMAHASHE,THULAMAHASHE,MPUMALANGA
Anika,SPECTACLE HUT PHANGAMI,THOHOYANDOU,LIMPOPO
Anika,SPECTACLE HUT THAVHANI,THAVANI,LIMPOPO
Anika,SPECTACLE HUT THORNHILL,THORNHILL,LIMPOPO
Anika,SPECTACLE HUT THULAMAHASHE,THULAMAHASHE,MPUMALANGA
Anika,SPECTACLE HUT VENDA PLAZA,THOHOYANDOU,LIMPOPO
Anika,SPECTACULAR HUT OPTOMETRISTS,POLOKWANE,LIMPOPO
Anika,SPECTICAL HUT MALELANE ,MALELANE,MPUMALANGA
Anika,SPECTOCULAR,BRYANSTON,GAUTENG CENTRAL
Anika,SPORT IN SIGHT OPTOMETRIST,KIMBERLEY,NORTHERN CAPE
Anika,STYLE IN SIGHT WARMBATHS,BELA-BELA,LIMPOPO
Anika,SUBWEAR ,ROSEBANK,GAUTENG CENTRAL
Anika,SUCRO OPTOMETRIST,MIDDELBURG,MPUMALANGA
Anika,SUCRO OPTOMETRIST - D2,MIDDELBURG,MPUMALANGA
Anika,SUCRO OPTOMETRIST - D2,,MPUMALANGA
Anika,SYLKA MOHLE OPTOM,PIET RETEF,MPUMALANGA
Anika,THATS IT BOUTIQUE (PTY) LTD,ILLOVO,GAUTENG CENTRAL
Anika,THE EYE GALLERY,PARKTOWN,GAUTENG CENTRAL
Anika,"THE EYE GUY OPTOMETRIST INC	",FOURWAYS,GAUTENG CENTRAL
Anika,THE EYE STORE,CBD JOBURG,GAUTENG CENTRAL
Anika,THE EYE STUDIO,POLOKWANE,LIMPOPO
Anika,THE OPTICAL BOUTIQUE,HYDEPARK,GAUTENG CENTRAL
Anika,THE OPTICAL CENTRE,SANDTON,GAUTENG CENTRAL
Anika,THE OPTICAL STUDIO,BRAMLEY,GAUTENG CENTRAL
Anika,THE SPECTACLE BOUTIQUE,SANDTON,GAUTENG CENTRAL
Anika,THINC OPTICAL,ROSEBANK,GAUTENG CENTRAL
Anika,TIKLY OPTICAL,ERMELO,MPUMALANGA
Anika,ULTIMATE COVER PTY LTD.,WITBANK,MPUMALANGA
Anika,UNIVERSITY OF JOHANNESBURG OPTOMETRY CLINIC,HILLBROW,GAUTENG CENTRAL
Anika,VISION CARE OPTOMETRY,WITBANK,MPUMALANGA
Anika,VISION SOLUTIONS INCORPORATED,FOURWAYS,GAUTENG CENTRAL
Anika,VISION STUDIO OPTOMETRIST,BRYANSTON,GAUTENG CENTRAL
Anika,VISION WORKS BENMORE,SANDTON,GAUTENG CENTRAL
Anika,VISION WORKS INTERCARE FOURWAYS,FOURWAYS,GAUTENG CENTRAL
Anika,VISION WORKS MORNINGSIDE,MORNINGSIDE,GAUTENG CENTRAL
Anika,VISION WORKS OPTOMETRISTS FOURWAYS,FOURWAYS,GAUTENG CENTRAL
Anika,VISION WORKS OPTOMETRISTS NICOLWAY,SANDTON,GAUTENG CENTRAL
Anika,VISION WORKS ROSEBANK,ROSEBANK,GAUTENG CENTRAL
Anika,VISIONCARE OPTOMETRISTS,FOURWAYS,GAUTENG CENTRAL
Anika,VISUAL CONCEPTS,SANDTON,GAUTENG CENTRAL
Anika,VISUAL EYES BRYANSTON,BRYANSTON,GAUTENG CENTRAL
Anika,VUTSHILO OPTOMETRIST,GIYANI,LIMPOPO
Anika,WEDGE OPTOMETRIST,MORNINGSIDE,GAUTENG CENTRAL
Anika,WOUTER BURGER OPTOMETRIST SECUNDA,SECUNDA,MPUMALANGA
Anika,ZARINA VALIALLAH OPTOMETRIST,PARKTOWN,GAUTENG CENTRAL
Anika,ZEENAT VALLY OPTOMETRIST,LINDEN,GAUTENG CENTRAL
Chris,ANDERSON 4 EYECARE,BLOEMFONTEIN,FREE STATE
Chris,CENTRAL PARK OPTOMETRIST,BLOEMFONTEIN,FREE STATE
Chris,CLASSIC VISION OPTOMETRIST,BLOEMFONTEIN,FREE STATE
Chris,DIVINE I SIGHT,WELKOM,FREE STATE
Chris,EXECUSPECS MIMOSA MALL,BLOEMFONTEIN,FREE STATE
Chris,JONES OPTOMETRIST,BLOEMFONTEIN,FREE STATE
Chris,JUST VISION,BLOEMFONTEIN,FREE STATE
Chris,KGAKATSI OPTOMETRIST,BLOEMFONTEIN,FREE STATE
Chris,LEDWABA OPTOMETRIST,KROONSTAD,FREE STATE
Chris,MEKHOE OPTOMETRIST,BLOEMFONTEIN,FREE STATE
Chris,MOCHIDISI MOTHOPO OPTOMETRIST,BETHLEHEM,FREE STATE
Chris,OPTIC EDGE,BLOEMFONTEIN,FREE STATE
Chris,PASTEUR OPTOMETRIST,BLOEMFONTEIN,FREE STATE
Chris,TORGA OPTICAL,BLOEMFONTEIN,FREE STATE
Chris,SENEKAL OPTOMETRISTS,SENEKAL,FREE STATE
Chris,SMITH & MAARSINGH OOGKUNDIGES,BLOEMFONTEIN,FREE STATE
Chris,SPECTACLE HUT WELKOM,WELKOM,FREE STATE
Chris,SPECTACLE HUT MAOKENG MALL,KROONSTAD,FREE STATE
Chris,TM MOLEPO OPTOMETRIST INC,WELKOM,FREE STATE
Chris,TRICHARD OPTOMETRIST,BLOEMFONTEIN,FREE STATE
Chris,VAN DER WALT OPTOMETRISTS,BLOEMFONTEIN,FREE STATE
Chris,VAN RENSBURG OPTOMETRIST,BLOEMFONTEIN,FREE STATE
Chris,EYECATCHERS BLOEMFONTEIN,BLOEMFONTEIN,FREE STATE
Chris,AB OPTOMETRISTS,PRETORIA,GAUTENG NORTH
Chris,BIGNOCIA FAMILY OPTOMETRIST,MIDRAND,GAUTENG NORTH
Chris,BLINK INC,CENTURION,GAUTENG NORTH
Chris,BOLOKA OPTOMETRIST,PRETORIA,GAUTENG NORTH
Chris,BROOKLYN OPTICA,PRETORIA,GAUTENG NORTH
Chris,BROOKLYN OPTICA,PRETORIA,GAUTENG NORTH
Chris,SUNGLASSES 4 U,CENTURION,GAUTENG NORTH
Chris,CK COLLECTIONS,PRETORIA,GAUTENG NORTH
Chris,CLASSIC VISION OPTOMETRIST,CENTURION,GAUTENG NORTH
Chris,DE JAGER OPTOMETRISTS INC,CENTURION,GAUTENG NORTH
Chris,DEROUX OPTOMETRISTS,PRETORIA,GAUTENG NORTH
Chris,DAYA OPTICAL INC,MIDRAND,GAUTENG NORTH
Chris,DYNAMC VISION OPTOMETRISTS - STEDALL AND BADENHORST OPTOMETRIST,PRETORIA,GAUTENG NORTH
Chris,DYNAMIC VISION OPTOMETRIST RUSTENBURG,WATERFALL,GAUTENG NORTH
Chris,DVN OPTOMETRIST- STEDALL AND BADENHORST OPTOMETRIST-PUMA,PRETORIA,GAUTENG NORTH
Chris,DVN MOIKLOOF OPTOMETRISTS-PUMA,PRETORIA,GAUTENG NORTH
Chris,DYNAMIC VISION KYALAMI OPTOMETRIST-PUMA,MIDRAND,GAUTENG NORTH
Chris,DVN OPTOMETRIST RUSTENBURG-PUMA,WATERFALL,GAUTENG NORTH
Chris,DVN OPTOMETRISTS- STEDALL AND BADENHORST OPTOMETRIST-LUXURY,PRETORIA,GAUTENG NORTH
Chris,DVN MOIKLOOF OPTOMETRISTS -LUXURY,PRETORIA,GAUTENG NORTH
Chris,DYNAMIC VISION KYALAMI OPTOMETRIST,MIDRAND,GAUTENG NORTH
Chris,DVN OPTOMETRIST RUSTENBURG- LUXURY,WATERFALL,GAUTENG NORTH
Chris,EXECUSPECS WATERFALL,MIDRAND,GAUTENG NORTH
Chris,EXECUSPECS CENTURION,CENTURION,GAUTENG NORTH
Chris,EXECUSPECS WOODMEAD,WOODMEAD,GAUTENG NORTH
Chris,EXECUSPECS KOLONNADE RETAIL PARK,PRETORIA,GAUTENG NORTH
Chris,EXECUSPECS FOURWAYS MALL,FOURWAYS,GAUTENG NORTH
Chris,EXECUSPECS WOODMEAD,WOODMEAD,GAUTENG NORTH
Chris,EYECARE @ MIDSTREAM,MIDSTREAM,GAUTENG NORTH
Chris,EYE C WONDERPARK,PRETORIA,GAUTENG NORTH
Chris,EYE C EQUESTRIA,PRETORIA,GAUTENG NORTH
Chris,EYELAND LOFTUS PARK INC,PRETORIA,GAUTENG NORTH
Chris,FERREIRA KENNDY SWARTZ OPTOMETRIST,PRETORIA,GAUTENG NORTH
Chris,FUTURE FIBRE TECHNOLOGIES PTY(LTD),WOODMEAD,GAUTENG NORTH
Chris,I-CARE OPTOMETRISTS,MAMELODI,GAUTENG NORTH
Chris,INTEROPTIKA,MIDRAND,GAUTENG NORTH
Chris,KAGISO V MOGALE OPTOMETRIST,PRETORIA,GAUTENG NORTH
Chris,KHALIQUES - MALL OF AFRICA,MIDRAND,GAUTENG NORTH
Chris,KHOLO RAMATSETSE OPTOMETRISTS,PRETORIA,GAUTENG NORTH
Chris,KONYANE OPTOMETRISTS,PRETORIA,GAUTENG NORTH
Chris,KUTUMELA OPTOMETRIST,PRETORIA,GAUTENG NORTH
Chris,LAWRENCE OPTOMETRIST,PRETORIA,GAUTENG NORTH
Chris,LEBO MATLALA OPTOMETRIST,PRETORIA,GAUTENG NORTH
Chris,SPECS4LESS OPTOMETRISTS,PRETORIA,GAUTENG NORTH
Chris,PHASHA MM EYECARE,CENTURION,GAUTENG NORTH
Chris,MASHABA OPTICALS,PRETORIA,GAUTENG NORTH
Chris,MATHEBULA OPTOMETRIST,PRETORIA,GAUTENG NORTH
Chris,METRO HOME CENTRE,PRETORIA,GAUTENG NORTH
Chris,MICHELLE BRINK OPTOMETRIST,PRETORIA,GAUTENG NORTH
Chris,MONEHI OPTOMETRIST,PRETORIA,GAUTENG NORTH
Chris,DYNAMIC VISION MOIKLOOF OPTOMETRISTS,PRETORIA,GAUTENG NORTH
Chris,NAGLE & LOUW OPTOMETRISTS INC,PRETORIA,GAUTENG NORTH
Chris,NU AFRICA DUTY FREE,PRETORIA,GAUTENG NORTH
Chris,MANIA EYEWEAR,PRETORIA,GAUTENG NORTH
Chris,MEDIVISION OPTOMETRIST,MIDRAND,GAUTENG NORTH
Chris,DIKELEDI OPTICAL,PRETORIA,GAUTENG NORTH
Chris,ZUBAIR SUJEE OPTOMETRIST,PRETORIA,GAUTENG NORTH
Chris,ISMAIL OPTOMETRIST,CENTURION,GAUTENG NORTH
Chris,M KHAN OPTOMETRIST,PRETORIA,GAUTENG NORTH
Chris,VORNA VALLEY OPTOMETRIST,MIDRAND,GAUTENG NORTH
Chris,OSMANS OPTICAL SINOVILLE,PRETORIA,GAUTENG NORTH
Chris,OSMANS OPTICAL MORELETA,PRETORIA,GAUTENG NORTH
Chris,OSMANS OPTICAL MORELETA,PRETORIA,GAUTENG NORTH
Chris,OT TECHNOLOGY SERVICES,PRETORIA,GAUTENG NORTH
Chris,PALESA NTSIE OPTOMETRIST,OLIFANTSFONTEIN,GAUTENG NORTH
Chris,PHIHLELA OPTOMETRIST,PRETORIA,GAUTENG NORTH
Chris,3D OPTOMETRISTS,PRETORIA,GAUTENG NORTH
Chris,SAKS TAYLOR & BRUAER OPTOMETRISTS,PRETORIA,GAUTENG NORTH
Chris,SIGHTIQUE OPTIC SUPPLIES CC,MIDRAND,GAUTENG NORTH
Chris,MOOIKLOOF OPTOMETRIST,PRETORIA,GAUTENG NORTH
Chris,SPECTACLE HUT ZAMBEZI,MONTANA,GAUTENG NORTH
Chris,SPECTACLE HUT ATTRIDGEVILLE,PRETORIA,GAUTENG NORTH
Chris,SPECTACLE WAREHOUSE ATTERBURY,PRETORIA,GAUTENG NORTH
Chris,SUNNINGHILL OPTOMETRIST,SUNNINGHILL,GAUTENG NORTH
Chris,MASTROMATTEO OPTOMETRISTS,PRETORIA,GAUTENG NORTH
Chris,TE KOZA OPTOMETRIST,WOODMEAD,GAUTENG NORTH
Chris,THE ALPHA OPTOMETRIST,PRETORIA,GAUTENG NORTH
Chris,THE OPTOMETRIST - BROOKLYN MALL,PRETORIA,GAUTENG NORTH
Chris,FABULOUS EYEWEAR,PRETORIA,GAUTENG NORTH
Chris,VAL OPTOMETRIST INC,PRETORIA,GAUTENG NORTH
Chris,DESIGNER OPTICS,PRETORIA,GAUTENG NORTH
Chris,NEW ROAD OPTOMETRIST,MIDRAND,GAUTENG NORTH
Chris,VISION CLINIC,CENTURION,GAUTENG NORTH
Chris,VISION WORKS HEAD OFFICE,MIDRAND,GAUTENG NORTH
Chris,VISION WORKS - CENTURION MALL,CENTURION,GAUTENG NORTH
Chris,VISION WORKS - JEAN CROSSING,CENTURION,GAUTENG NORTH
Chris,VISION WORKS MALL OF AFRICA,MIDRAND,GAUTENG NORTH
Chris,VISION WORKS WOODMEAD,WOODMEAD,GAUTENG NORTH
Chris,LINTON CORNER OPTOMETRSIT INC,LYNNWOOD,GAUTENG NORTH
Chris,WORLD OF VISION OPTOMETRIST,CENTURION,GAUTENG NORTH
Chris,OSMANS OPTICAL  HONEYDEW,HONEYDEW,GAUTENG WEST
Chris,ANNERIE ERASMUS OPTOMETRIST,ROODEPOORT,GAUTENG WEST
Chris,BEST VISION OPTOMETRISTS,NORTHRIDING,GAUTENG WEST
Chris,C ME OPTOMETRIST,CRADLESTONE,GAUTENG WEST
Chris,EYETEK DAINFERN,DAINFERN,GAUTENG WEST
Chris,CANDICE HALSTEAD OPTOMETRIST,ROODEPOORT,GAUTENG WEST
Chris,D & H OPTOMETRISTS,HONEYDEW,GAUTENG WEST
Chris,DIRK BOOYSEN & ASSOCIATES INC.,KRUGERSDORP,GAUTENG WEST
Chris,LISE-MARIE GERMISHUIZEN OPTOMETRISTS-DVN,NORTHCLIFF,GAUTENG WEST
Chris,DYNAMIC EYES OPTOMETRISTS DYN-001-D11,KRUGERSDORP,GAUTENG WEST
Chris,DYNAMIC VISION CLEARWATER,ROODEPOORT,GAUTENG WEST
Chris,LISE-MARIE GERMISHUIZEN OPTOMETRISTS -PUMA,NORTHCLIFF,GAUTENG WEST
Chris,DYNAMIC EYES OPTOMETRISTS -PUMA,KRUGERSDORP,GAUTENG WEST
Chris,BOSKRUIN OPTOMETRISTS,RANDBURG,GAUTENG WEST
Chris,DVN CLEARWATER-PUMA,ROODEPOORT,GAUTENG WEST
Chris,DYNAMIC EYES OPTOMETRISTS,KRUGERSDORP,GAUTENG WEST
Chris,DVN CLEARWATER-LUXURY,ROODEPOORT,GAUTENG WEST
Chris,LISE-MARIE GERMISHUIZEN OPTOMETRISTS,NORTHCLIFF,GAUTENG WEST
Chris,E K BOTHA OPTOMETRIST,ROODEPOORT,GAUTENG WEST
Chris,EYELOVE OPTOMETRIST,ROODEPOORT,GAUTENG WEST
Chris,EXECUSPECS CHARTWELL INC,DAINFERN,GAUTENG WEST
Chris,CRADLESTONE MALL,CRADLESTONE,GAUTENG WEST
Chris,EYEBLINK OPTICALS,ROODEPOORT,GAUTENG WEST
Chris,FEATHER VIEW OPTOMETRISTS,KRUGERSDORP,GAUTENG WEST
Chris,ICONUS OPTICAL,KRUGERSDORP,GAUTENG WEST
Chris,IWONDER OPTOMETRISTS,NORTHRIDING,GAUTENG WEST
Chris,MY OPTOMETRIST,ROODEPOORT,GAUTENG WEST
Chris,NADIA PIENAAR OPTOMETRIST PTY LTD,ROODEPOORT,GAUTENG WEST
Chris,NEOVISION DAINFERN SQUARE,DAINFERN,GAUTENG WEST
Chris,NSELE OPTOMETRISTS,KRUGERSDORP,GAUTENG WEST
Chris,THE SPECTACLE BOUTIQUE,RANDBURG,GAUTENG WEST
Chris,SPECTACLE HUT OPTOMETRISTS,RANDBURG,GAUTENG WEST
Chris,Y MAHOMED OPTOMETRIST,ROODEPOORT,GAUTENG WEST
Chris,NB OPTOMETRIST,RANDBURG,GAUTENG WEST
Chris,TWENTY 20 VISION,ROODEPOORT,GAUTENG WEST
Chris,OSMANS OPTICAL WITPOORTJIE,ROODEPOORT,GAUTENG WEST
Chris,OSMANS OPTICAL COSMO MALL,ROODEPOORT,GAUTENG WEST
Chris,PAUL MOLDOVANOS OPTOMETRIST,ROODEPOORT,GAUTENG WEST
Chris,RIZWANA OPTOMETRIST,RANDFONTEIN,GAUTENG WEST
Chris,ROBIN OPTOMETRIST,RANDBURG,GAUTENG WEST
Chris,AUDIENCE OPTOMETRIST,RANDBURG,GAUTENG WEST
Chris,SAM SCHNEIDER OPTOMETRIST,NORTHCLIFF,GAUTENG WEST
Chris,SNEAG & WIENAND,KRUGERSDORP,GAUTENG WEST
Chris,SPECTACLE HUT MALUTI,RANDBURG,GAUTENG WEST
Chris,SPECTACLE HUT FERNDALE,RANDBURG,GAUTENG WEST
Chris,SPECTACLE WAREHOUSE HILLFOX,ROODEPOORT,GAUTENG WEST
Chris,WIZE EYES THE FALLS,ROODEPOORT,GAUTENG WEST
Chris,BROADACRES OPTOMETRISTS,RANDBURG,GAUTENG WEST
Chris,THE OPTOM SHOP,HONEYDEW,GAUTENG WEST
Chris,TWENTY 20 VISION,ROODEPOORT,GAUTENG WEST
Chris,VICKY LOURIDAS OPTOMETRIST,RANDBURG,GAUTENG WEST
Chris,VISION OPTOMETRISTS - CRESTA EYE CARE,RANDBURG,GAUTENG WEST
Chris,VISION WORKS - FERNDALE,RANDBURG,GAUTENG WEST
Chris,VISION WORKS - NORTHGATE,RANDBURG,GAUTENG WEST
Chris,VISION WORKS DAINFERN,DAINFERN,GAUTENG WEST
Chris,VISION WORKS STRUBENSVALLEY,STRUBENS VALLEY,GAUTENG WEST
Chris,YVETTE RANSOM OPTOMETRIST,ROODEPOORT,GAUTENG WEST
Chris,NILSEN OPTOMETRIST,HARTEBEESPOORT,NORTH WEST
Chris,ALECIA STEYN OPTOMETRIST,KLERKSDORP,NORTH WEST
Chris,ALECIA STEYN OPTOMETRIST,KLERKSDORP,NORTH WEST
Chris,VISION WORKS OPTOMETRIST - POTCHEFSTROOM,POTCHEFSTROOM,NORTH WEST
Chris,CHABALALA YM OPTOM INC,RUSTENBURG,NORTH WEST
Chris,COLIN TAYLOR OPTOMETRIST,KLERKSDORP,NORTH WEST
Chris,DAVID FENSHAM OPTOMETRIST,RUSTENBURG,NORTH WEST
Chris,OPTIRAMA OPTOMETRIST,KLERKSDORP,NORTH WEST
Chris,OPTIRITE OPTOMETRIST,HARTEBEESPOORT,NORTH WEST
Chris,EXECUSPECS POTCHEFSTROOM,POTCHEFSTROOM,NORTH WEST
Chris,GHOORS HOMESTORE,VRYBURG,NORTH WEST
Chris,GOLDEN VISION,KLERKSDORP,NORTH WEST
Chris,HENDRIK J VAN GRAAV DOGKUNDIGE,POTCHEFSTROOM,NORTH WEST
Chris,HENNIE JOUBERT OPTOMETRIST,KLERKSDORP,NORTH WEST
Chris,JEREMY MEIRING OPTOMETRIST,RUSTENBURG,NORTH WEST
Chris,JEREMY MEIRING OPTOMETRIST,RUSTENBURG,NORTH WEST
Chris,KC LESOLANG OPTOMETRISTS,BRITS,NORTH WEST
Chris,KGATLA M PRIME OPTOMETRIST,MAHIKENG,NORTH WEST
Chris,KOBUS SIEMENS OPTOMETRIST,RUSTENBURG,NORTH WEST
Chris,KOMAPE OPTOMETRIST,RUSTENBURG,NORTH WEST
Chris,LABUSCHAGNE & ALBERTS,KLERKSDORP,NORTH WEST
Chris,LEANA OBERHOLZER OOGKUNDIGE PTY,HARTEBEESPOORT,NORTH WEST
Chris,LIEBENBERG EYECARE,RUSTENBURG,NORTH WEST
Chris,LIZA DRUMMOND OPTOMETRIST,RUSTENBURG,NORTH WEST
Chris,BULBULIA,MAHIKENG,NORTH WEST
Chris,M.G MAPONYA OPTOM,MAHIKENG,NORTH WEST
Chris,MARIET VAN DE MERWE  OPTOMETRIST,BRITS,NORTH WEST
Chris,MEIRING OPTOMETRIST,KLERKSDORP,NORTH WEST
Chris,MJ KOMANE OPTOMETRISTS,RUSTENBURG,NORTH WEST
Chris,S D OPTICALS,RUSTENBURG,NORTH WEST
Chris,MODISE JM OPTOMETRIST,RUSTENBURG,NORTH WEST
Chris,MOKOKA OPTOMETRIST,VRYBURG,NORTH WEST
Chris,MOTHATA OPTOMETRIST,MAHIKENG,NORTH WEST
Chris,MR MEIRING OPTOMETRIST,KLERKSDORP,NORTH WEST
Chris,NABIL BISMILLA OPTOMETRIST,POTCHEFSTROOM,NORTH WEST
Chris,NATE OPTOMETRIST,RUSTENBURG,NORTH WEST
Chris,R KANA OPTIX,VRYBURG,NORTH WEST
Chris,HABILITATION BISMILLA OPTOMETRIST,POTCHEFSTROOM,NORTH WEST
Chris,GATEWAY OPTOMETRIST,CARLETONVILLE,NORTH WEST
Chris,RALLELE OPTOMETRISTS,MAHIKENG,NORTH WEST
Chris,ROSS CRONJE & DEYSEL OPTOMETRIST,KLERKSDORP,NORTH WEST
Chris,SCHOLTZ OOGKUNDIGE,BRITS,NORTH WEST
Chris,SPECTACLE HUT POTCHEFSTROOM,POTCHEFSTROOM,NORTH WEST
Chris,THAPELO KUNGWANE OPTOMETRIST,BRITS,NORTH WEST
Chris,VAN GRAAN OPTOMETRIST,POTCHEFSTROOM,NORTH WEST
Chris,AGRIVISION OPTOMETRIST,PAARL,WESTERN CAPE
Chris,BERNARD COPPEZ OPTOMETRIST,CAPE TOWN,WESTERN CAPE
Chris,BIERMAN JANEKE OPTOMETRISTS,BREDASDORP,WESTERN CAPE
Chris,SPECTACLE WORLD,CAPE TOWN,WESTERN CAPE
Chris,CAROLINE BERRY OPTOMETRIST,SUNNYDALE,WESTERN CAPE
Chris,CAROLINE BERRY OPTOMETRISTS,SUNNYDALE,WESTERN CAPE
Chris,CLIFFS OPTIQUE OPTOMETRISTS,CAPE TOWN,WESTERN CAPE
Chris,DYNAMIC VISION CONSTANTIA VILLAGE,CAPE TOWN,WESTERN CAPE
Chris,KEVERN PAPPIN OPTOMETRISTS,CAPE TOWN,WESTERN CAPE
Chris,DVN CONSTANTIA VILLAGE-PUMA,CAPE TOWN,WESTERN CAPE
Chris,DVN CONSTANTIA VILLAGE-LUXURY,CAPE TOWN,WESTERN CAPE
Chris,EXECUSPECS CANAL WALK,CAPE TOWN,WESTERN CAPE
Chris,EXECUSPECS PINELANDS,CAPE TOWN,WESTERN CAPE
Chris,EXECUSPECS GARDEN ROUTE MALL,GEORGE,WESTERN CAPE
Chris,EYE FASHION,HERMANUS,WESTERN CAPE
Chris,EYE SAVE KENILWORTH,CAPE TOWN,WESTERN CAPE
Chris,EYE SAVE GRASSY PARK,CAPE TOWN,WESTERN CAPE
Chris,EYEQ WATERFRONT,WATERFRONT,WESTERN CAPE
Chris,EYEQ CAVENDISH,CAPE TOWN,WESTERN CAPE
Chris,EYEQ CANAL WALK,CAPE TOWN,WESTERN CAPE
Chris,EYEVIEW OPTOMETRISTS,MILKWOOD,WESTERN CAPE
Chris,EYEWAY SA,CAPE TOWN,WESTERN CAPE
Chris,SUPERBALIST.COM,FORESHORE,WESTERN CAPE
Chris,GLOBAL EYES - WATERFRONT,CAPE TOWN,WESTERN CAPE
Chris,HOUSE OF MONATIC PTY LTD,SALT RIVER,WESTERN CAPE
Chris,L ATELIER OPTOMETRIST,CAPE TOWN,WESTERN CAPE
Chris,MESKIN OPTOMETRIST,CAPE TOWN,WESTERN CAPE
Chris,MUIR OPTOMETRISTS,KNYSNA,WESTERN CAPE
Chris,MULLERS OPTOMETRIST CONSTANTIA,CAPE TOWN,WESTERN CAPE
Chris,NEOVISION PANORAMA INC,CAPE TOWN,WESTERN CAPE
Chris,NEOVISION WOODSTOCK INC,SALT RIVER,WESTERN CAPE
Chris,NEOVISION CENTURY VILLAGE INC,CENTURY CITY,WESTERN CAPE
Chris,NEOVISION CLAREMONT,CLAREMONT,WESTERN CAPE
Chris,NEOVISION - BELVILLE,BELLVILLE,WESTERN CAPE
Chris,NEOVISISON - STELLENBOSCH & CAPE GATE,STELLENBOSCH,WESTERN CAPE
Chris,OCCUVISION EYECARE - BELLVILLE,BELLVILLE,WESTERN CAPE
Chris,PAPPIN AND PRETORIUS OPTOMETRISTS,HERMANUS,WESTERN CAPE
Chris,EYESTYLE OPTOMETRISTS,NEWLANDS,WESTERN CAPE
Chris,OPTIQUE OPTOMETRISTS PAARL,PAARL,WESTERN CAPE
Chris,OPTIQUE OPTOMETRISTS DURBANVILLE (PTY) LTD,KRAAIFONTEIN,WESTERN CAPE
Chris,PEDLAR OPTOMETRIST,CAPE TOWN,WESTERN CAPE
Chris,PUMA SPORTS DISTRIBUTORS (PTY) LTD,KILLARNEY GARDENS,WESTERN CAPE
Chris,REZA FERREIRA OOGKUNDIGES,PAARL,WESTERN CAPE
Chris,RIAAN KING OPTOMETRIST INC,CAMPS BAY,WESTERN CAPE
Chris,SLOANE OPTOMETRISTS,CAPE TOWN,WESTERN CAPE
Chris,SPECTACLE WAREHOUSE KENILWORTH,CAPE TOWN,WESTERN CAPE
Chris,SPECTACLE WAREHOUSE BELLVILE,CAPE TOWN,WESTERN CAPE
Chris,STEVE TRIMBY OPTOMETRISTS,SOMERSET WEST,WESTERN CAPE
Chris,TONKIL OPTOMETRIST,CAPE TOWN,WESTERN CAPE
Chris,VISION EYES OPTOMETRISTS,LOWER PLEIN,WESTERN CAPE
Chris,WARREN WAGNER OPTICAL PERCEPTIONS CC,BELLVILLE,WESTERN CAPE
Chris,WAYNE HODGKINSON OPTOMETRIST,TOKAI,WESTERN CAPE
Noor,ALLEN & DUTTON OPTOMETRISTS,EAST LONDON,EASTERN CAPE
Noor,BENJAMIN LISS OPTOMETRIST AND SUNGLASS BOUTIQUE,PORT ELIZABETH,EASTERN CAPE
Noor,CRONJE OPTOMETRISTS,QUEENSTOWN,EASTERN CAPE
Noor,EMONTI OPTOMETRIST,EAST LONDON,EASTERN CAPE
Noor,EXECUSPECS VINCENT PARK,EAST LONDON,EASTERN CAPE
Noor,EXECUSPECS BEACON BAY,EAST LONDON,EASTERN CAPE
Noor,EXECUSPECS BAYWEST MALL ,GQEBERHA,EASTERN CAPE
Noor,EXECUSPECS VINCENT PARK,EAST LONDON,EASTERN CAPE
Noor,EYE SENSE OPTOMETRISTS,PORT ELIZABETH,EASTERN CAPE
Noor,EYEBAR EYEWEAR - VINCENT PARK,EAST LONDON,EASTERN CAPE
Noor,EXECUSPECS BEACON BAY,BEACON BAY,EASTERN CAPE
Noor,EXECUSPECS VINCENT PARK,EAST LONDON,EASTERN CAPE
Noor,EYEBAR VINCENT PARK,EAST LONDON,EASTERN CAPE
Noor,K.B. BOURKE OPTOMETRISTS,GQEBERHA,EASTERN CAPE
Noor,KRIEL & NEWCOMBE OPTOMETRISTS,EAST LONDON,EASTERN CAPE
Noor,LEANE CILLIERS OPTOMETRISTS,JEFFREYS BAY,EASTERN CAPE
Noor,LUBBE OPTOMETRISTS,EAST LONDON,EASTERN CAPE
Noor,LATHI THA EYECARE - BIZANA ,BIZANA,EASTERN CAPE
Noor,MITA PEMA-KESHAW OPTOMETRISTS,EAST LONDON,EASTERN CAPE
Noor,MURUGAN M CHETTY OPTOMETRISTS INC,EAST LONDON,EASTERN CAPE
Noor,NB EYECARE,MATATIELE,EASTERN CAPE
Noor,NONKULA OPTOMETRIST INC,MTHATHA,EASTERN CAPE
Noor,ONLOOK OPTOMETRISTS,EAST LONDON,EASTERN CAPE
Noor,GRANT CARELSE OPTOMETRIST,HUMANSDORP,EASTERN CAPE
Noor,PEER OPTOMETRIST INC,KING WILLIAMS TOWN,EASTERN CAPE
Noor,PARUKS OPTOMETRIST,PORT ELIZABETH,EASTERN CAPE
Noor,ABDURAZAAK ABDOL OPTOMETRIST,PORT ELIZABETH,EASTERN CAPE
Noor,VISIONS OPTICAL,PORT ELIZABETH,EASTERN CAPE
Noor,SPEC SAVERS KORSTEN,GQEBERHA,EASTERN CAPE
Noor,THYS VAN ZYL OPTOMETRIST,PORT ELIZABETH,EASTERN CAPE
Noor,LATHI THA EYECARE,EAST LONDON,EASTERN CAPE
Noor,VISION WORKS WALMER PARK,GQEBERHA,EASTERN CAPE
Noor,Y. PILLAY OPTOMETRIST,EAST LONDON,EASTERN CAPE
Noor,Z. NTAMBELA OPTOMETRIST,EAST LONDON,EASTERN CAPE
Noor,AZANIA OPTICAL OPTOMETRIST,BENONI,GAUTENG EAST
Noor,CASOOJEE OPTOM NIGEL,NIGEL,GAUTENG EAST
Noor,CLASSIQUE OPTICAL GREENSTONE,GREENSTONE,GAUTENG EAST
Noor,VISUAL EYES,BENONI,GAUTENG EAST
Noor,DAVID MUIR OPTOMETRIST,BOKSBURG,GAUTENG EAST
Noor,CLEARVIEW OPTICAL,GERMISTON,GAUTENG EAST
Noor,DYNAMIC VISION PARKRAND OPTOMETRIST,PARKRAND,GAUTENG EAST
Noor,ANNETTA SMIT OPTOMETRISTS,GERMISTON,GAUTENG EAST
Noor,DYNAMIC VISION EAST RAND MALL,BOKSBURG,GAUTENG EAST
Noor,ANNETTA SMIT OPTOMETRISTS -PUMA,GERMISTON,GAUTENG EAST
Noor,DVN PARKRAND OPTOMETRIST-PUMA,PARKRAND,GAUTENG EAST
Noor,DVN EAST RAND MALL OPTOMETRIST-PUMA,BOKSBURG,GAUTENG EAST
Noor,ANNETTA SMIT OPTOMETRIST,GERMISTON,GAUTENG EAST
Noor,DVN  PARKRAND OPTOMETRIST- LUXURY,PARKRAND,GAUTENG EAST
Noor,DVN EAST RAND MALL OPTOMETRIST -LUXURY,BOKSBURG,GAUTENG EAST
Noor,EXECUSPECS BEDFORD CENTRE,BEDFORDVIEW,GAUTENG EAST
Noor,ERINS OPTOMETRIST,BEDFORDVIEW,GAUTENG EAST
Noor,EXECUSPECS BEDFORD,BEDFORDVIEW,GAUTENG EAST
Noor,EXECUSPECS THE NEIGHBORHOOD,LINKSFIELD,GAUTENG EAST
Noor,EYE C U OPTOMETRIST,BENONI,GAUTENG EAST
Noor,EYELAND SUNWARD PARK INC,BOKSBURG,GAUTENG EAST
Noor,EYEPHORIA OPTOMETRIST,BENONI,GAUTENG EAST
Noor,FRANCOIS SENEKAL OPTOMETRIST,KEMPTON PARK,GAUTENG EAST
Noor,FRECKLE EYEWEAR,KEMPTON PARK,GAUTENG EAST
Noor,NORKEM OPTOMETRIST,KEMPTON PARK,GAUTENG EAST
Noor,CLASSIQUE OPTICAL EASTGATE,BEDFORDVIEW,GAUTENG EAST
Noor,OSMANS OPTICAL DAVEYTON,BOKSBURG,GAUTENG EAST
Noor,LANE OPTOMETRIST,KEMPTON PARK,GAUTENG EAST
Noor,LESLIE SESSEL OPTOMETRISTS,BEDFORDVIEW,GAUTENG EAST
Noor,"LOMBARD, VERSTER & PHEIFFER",BOKSBURG,GAUTENG EAST
Noor,NEOVISION GOLDEN WALK,GERMISTON,GAUTENG EAST
Noor,M H MOOLA OPTOMETRIST,SPRINGS,GAUTENG EAST
Noor,SPECTACLE HUT SPRINGS,SPRINGS,GAUTENG EAST
Noor,MH MOOLLA OPTOMETRIST,SPRINGS,GAUTENG EAST
Noor,NEOVISION,GERMISTON,GAUTENG EAST
Noor,OPTISPEC OPTOMETRIST,BOKSBURG,GAUTENG EAST
Noor,OSMANS OPTICAL RAILWAY STREET GERMISTON,GERMISTON,GAUTENG EAST
Noor,OSMANS OPTICAL KWA-THEMA,SPRINGS,GAUTENG EAST
Noor,OSMANS OPTICAL BOKSBURG,BOKSBURG,GAUTENG EAST
Noor,OSMANS OPTICAL FARRARMERE,BOKSBURG,GAUTENG EAST
Noor,OSMANS OPTICAL NIGEL,NIGEL,GAUTENG EAST
Noor,OSMANS OPTICAL BENONI,BENONI,GAUTENG EAST
Noor,OSMANS OPTICAL KEMPTON GATE,KEMPTON PARK,GAUTENG EAST
Noor,OSMANS OPTICAL WESTWOOD,BOKSBURG,GAUTENG EAST
Noor,OSMANS KEMPTON PARK,KEMPTON PARK,GAUTENG EAST
Noor,OSMANS PALM SPRINGS,SPRINGS,GAUTENG EAST
Noor,"A. W. OSMAN OPTOMETRIST	",SPRINGS,GAUTENG EAST
Noor,OSMANS OPTICAL PARKMEADOWS,KENSINGTON,GAUTENG EAST
Noor,OSMANS OPTICAL ELS PARK,GERMISTON,GAUTENG EAST
Noor,OSMANS OPTICAL EDENVALE,EDENVALE,GAUTENG EAST
Noor,OSMANS OPTICAL NORTHMEAD,NORTHMEAD,GAUTENG EAST
Noor,PERFECT EYES OPTOMETRIST,MALVERN,GAUTENG EAST
Noor,R.C VAN ROOYEN INC T/A VAN ROOYEN VISION CENTRE,BOKSBURG,GAUTENG EAST
Noor,RAMMUTLA OPTOMETRISTS,GERMISTON,GAUTENG EAST
Noor,RANDY OPTOMETRIST,SPRINGS,GAUTENG EAST
Noor,LUTHULI ST & ASSOCIATE,GERMISTON,GAUTENG EAST
Noor,SPECTACLE HUT OPTOMETRIST,SPRINGS,GAUTENG EAST
Noor,SPECTACLE HUT TEMBISA,TEMBISA,GAUTENG EAST
Noor,STYLE IN SIGHT OPTOMETRISTS BEDFORDVIEW,BEDFORDVIEW,GAUTENG EAST
Noor,THE EYE BOOTH OPTOMETRIST,BEDFORDVIEW,GAUTENG EAST
Noor,THE OPTIK STUDIO,BENONI,GAUTENG EAST
Noor,THE VERGE OPTOMETRIST,EDENVALE,GAUTENG EAST
Noor,THORISO OPTOMETRISTS,TEMBISA,GAUTENG EAST
Noor,VISION WORKS BOKSBURG,BOKSBURG,GAUTENG EAST
Noor,VISION WORKS HARVEST PLACE,KEMPTON PARK,GAUTENG EAST
Noor,CLASSIQUE OPTICAL,BEDFORDVIEW,GAUTENG EAST
Noor,JINA OPTOMETRIST,BENONI,GAUTENG EAST
Noor,YD OPTICAL,GREENSTONE,GAUTENG EAST
Noor,YOUR EYE TEAM,KEMPTON PARK,GAUTENG EAST
Noor,THE GHETTO,BOKSBURG,GAUTENG EAST
Noor,FALCON EYELAB,BOKSBURG,GAUTENG EAST
Noor,OAKDENE OPTOMETRISTS,OAKDENE,GAUTENG SOUTH
Noor,ICARE OPTOMETRIST,ALBERTON,GAUTENG SOUTH
Noor,CARNIVAL OPTICAL,ALBERTON,GAUTENG SOUTH
Noor,CEWA EYES,HEIDELBERG,GAUTENG SOUTH
Noor,COMARO VIEW OPTOMETRISTS,ALBERTON,GAUTENG SOUTH
Noor,DAVID SIMONS OPTOMETRIST,ALBERTON,GAUTENG SOUTH
Noor,DONNA VAN DER MERWE OPTOMETRIST,VANDERBIJLPARK,GAUTENG SOUTH
Noor,DYNAMIC SPECS OPTOMETRIST,VANDERBIJLPARK,GAUTENG SOUTH
Noor,DYNAMIC VISION - ZELDA VAN COLLER OPTOMETRIST,ALBERTON,GAUTENG SOUTH
Noor,DVN - ZELDA VAN COLLER OPTOMETRIST-PUMA,ALBERTON,GAUTENG SOUTH
Noor,THE GLEN OPTOMETRIST,OAKDENE,GAUTENG SOUTH
Noor,STEFAN VAN ROOYEN OPTOMETRISTS,LICHTENBURG,GAUTENG SOUTH
Noor,DVN - ZELDA VAN COLLER OPTOMETRISTS-LUXURY,ALBERTON,GAUTENG SOUTH
Noor,J & N OPTOMETRIST INC,ALBERTON,GAUTENG SOUTH
Noor,EXECUSPECS THE GLEN,OAKDENE,GAUTENG SOUTH
Noor,EYE 4 STYLE OPTOMETRIST,ALBERTON,GAUTENG SOUTH
Noor,EYES FOR YOU,LENASIA,GAUTENG SOUTH
Noor,FOCUS OPTOMETRIST,SEBOKENG,GAUTENG SOUTH
Noor,FRANCIS OPTOMETRISTS,SPRUITVIEW,GAUTENG SOUTH
Noor,ICARE OPTOMETRIST,ALBERTON,GAUTENG SOUTH
Noor,ISMAIL OPTICALS,SOWETO,GAUTENG SOUTH
Noor,IZAK J SHOLTS OPTOMETRIST,ALBERTON,GAUTENG SOUTH
Noor,CAMARO VIEW OPTOMETRISTS,BASSONIA,GAUTENG SOUTH
Noor,JAN VORSTER OPTOMETRISTS,MEYERTON,GAUTENG SOUTH
Noor,NARINDI JANSEN OPTOMETRISTS,ALBERTON,GAUTENG SOUTH
Noor,KA RAMODIPA OPTOMS,SOWETO,GAUTENG SOUTH
Noor,MEYERSDAL OPTOMETRISTS,ALBERTON,GAUTENG SOUTH
Noor,MAGNIFEYE OPTOMETRIST INC,ALBERTON,GAUTENG SOUTH
Noor,MAKWELA OPTOMETRIST,ALBERTON,GAUTENG SOUTH
Noor,MODERN EYES,ALBERTON,GAUTENG SOUTH
Noor,PROTEA GLEN OPTOMETRISTS,SOWETO,GAUTENG SOUTH
Noor,PROTEA GLEN OPTOMETRISTS,SOWETO,GAUTENG SOUTH
Noor,NAEEMA SAYED OPTOMETRIST,LENASIA,GAUTENG SOUTH
Noor,Z AMLA OPTOMETRIST,ORMONDE,GAUTENG SOUTH
Noor,SUJEES OPTOMETRIST,VEREENIGING,GAUTENG SOUTH
Noor,BADAT OPTOMETRIST,HEIDELBERG,GAUTENG SOUTH
Noor,NARSI OPTICAL,MULBARTON,GAUTENG SOUTH
Noor,NVISION OPTOMETRISTS,ALBERTON,GAUTENG SOUTH
Noor,OPTICAL CONNECTION,LENASIA,GAUTENG SOUTH
Noor,IMRAN TILLY OPTOMETRIST,VEREENIGING,GAUTENG SOUTH
Noor,MUMTAZ KHAN OPTO,LENASIA,GAUTENG SOUTH
Noor,ZEENAT SALOOJEE OPTOMITRIST,LENASIA,GAUTENG SOUTH
Noor,OSMANS OPTICAL SKY CITY,VEREENIGING,GAUTENG SOUTH
Noor,OSMANS OPTICAL STATION BAZAAR,ALBERTON,GAUTENG SOUTH
Noor,OSMANS OPTICAL RIDGEWAY,RIDGEWAY,GAUTENG SOUTH
Noor,OSMANS OPTICAL NEW MARKET,ALBERTON,GAUTENG SOUTH
Noor,OSMANS OPTICAL MEYERTON,MEYERTON,GAUTENG SOUTH
Noor,OSMANS OPTICAL SOUTHGATE,MONDEOR,GAUTENG SOUTH
Noor,SANDRA STARK OPTOMETRISTS,VEREENIGING,GAUTENG SOUTH
Noor,SAOHATSE OPTOMETRIST,COMPTONVILLE,GAUTENG SOUTH
Noor,SI VARACHIA OPTOMETRIST,LENASIA,GAUTENG SOUTH
Noor,SONJA BRESLER OPTOMETRIST,VEREENIGING,GAUTENG SOUTH
Noor,SORIETA ROOS OPTOMETRIST,ALBERANTE,GAUTENG SOUTH
Noor,SPECTACLE HUT KATLEHONG,KATLEHONG,GAUTENG SOUTH
Noor,KEKANA OPTOMETRIST,VEREENIGING,GAUTENG SOUTH
Noor,T PHOOKO OPTOMETRIST,SOWETO,GAUTENG SOUTH
Noor,TRADE ROUTE OPTICAL,LENASIA,GAUTENG SOUTH
Noor,VAAL OPTICAL,VEREENIGING,GAUTENG SOUTH
Noor,CHAVOOS OPTOMETRIST,LENASIA,GAUTENG SOUTH
Noor,A NAIDOO OPTOMETRIST,LENASIA,GAUTENG SOUTH
Noor,VERSTER & VORSTER OPTOMETRISTS,ALBERTON,GAUTENG SOUTH
Noor,VISION WORKS MALL OF THE SOUTH,JOHANNESBURG,GAUTENG SOUTH
Noor,WINK OPTOMETRIST,VEREENIGING,GAUTENG SOUTH
Noor,C VISION OPTOMETRIST,LENASIA,GAUTENG SOUTH
Noor,SEDGARS,VEREENIGING,GAUTENG SOUTH
Noor,320 WEST OPTOMETRIST,DURBAN,KWAZULU-NATAL
Noor,ACCUVISION,DURBAN,KWAZULU-NATAL
Noor,AHMED H CASSIM OPTOMETRIST,PIETERMARITZBURG,KWAZULU-NATAL
Noor,BONA EYECARE,PIETERMARITZBURG,KWAZULU-NATAL
Noor,C NAIDOO OPTOMETRIST,PIETERMARITZBURG,KWAZULU-NATAL
Noor,IKASI VISION,UMLAZI,KWAZULU-NATAL
Noor,CORESIGHT OPTICAL,DURBAN,KWAZULU-NATAL
Noor,DAVIDA VAN DER MERWE OPTOMETRIST,NEWCASTLE,KWAZULU-NATAL
Noor,EDLEIGH OPTOMETRISTS,DURBAN,KWAZULU-NATAL
Noor,EUAN F. GLOVER OPTOMETRIST,BEREA,KWAZULU-NATAL
Noor,EXECUSPECS LA LUCIA,UMHLANGA,KWAZULU-NATAL
Noor,EXECUSPECS FLORIDA ROAD,DURBAN,KWAZULU-NATAL
Noor,EXECUSPECS MIDLANDS,PIETERMARITZBURG,KWAZULU-NATAL
Noor,COMPLETE EYE CARE OPTOMETRISTS,HARDING,KWAZULU-NATAL
Noor,HADEBE OPTOMETRIST,NEWCASTLE,KWAZULU-NATAL
Noor,HILLIAR & GRAY OPTOMETRISTS,PIETERMARITZBURG,KWAZULU-NATAL
Noor,THE EYE SHOP,LADYSMITH,KWAZULU-NATAL
Noor,INNOVISION OPTOMETRY,BALLITO,KWAZULU-NATAL
Noor,JAZ OPTOMETRIST,PIETERMARITZBURG,KWAZULU-NATAL
Noor,K A KASOOJEE OPTOMETRIST,MOUNT EDGECOMBE,KWAZULU-NATAL
Noor,KELLY BROWN OPTOMETRIST,DURBAN,KWAZULU-NATAL
Noor,KHOZA N OPTOMETRIST,PIETERMARITZBURG,KWAZULU-NATAL
Noor,KIRK & PARTNERS INC.,UMHLANGA,KWAZULU-NATAL
Noor,EYEWEAR GALLERY OPTOMETRIST,DURBAN,KWAZULU-NATAL
Noor,NGOMANE OPTOMETRIST,ESTCOURT,KWAZULU-NATAL
Noor,MAKOFANE OPTOMETRIST,UMLAZI,KWAZULU-NATAL
Noor,MARGATE MALL OPTOMETRISTS,MARGATE,KWAZULU-NATAL
Noor,R&R OPTICAL,BEREA,KWAZULU-NATAL
Noor,MH CASSIMJEE,PIETERMARITZBURG,KWAZULU-NATAL
Noor,MOFFATT OPTICAL,PIETERMARITZBURG,KWAZULU-NATAL
Noor,MULAUDZI OPTOMETRIST,GREYTOWN,KWAZULU-NATAL
Noor,SARDIWALLA OPTOMETRISTS,LADYSMITH,KWAZULU-NATAL
Noor,C NAIDOO OPTOMETRISTS,PIETERMARITZBURG,KWAZULU-NATAL
Noor,BALMOT OPTOMETRIST,DURBAN,KWAZULU-NATAL
Noor,HAJRA PARUK OPTOMETRIST,DURBAN,KWAZULU-NATAL
Noor,A.M. OPTICAL,DURBAN,KWAZULU-NATAL
Noor,MOFFATT OPTICAL HILLCREST,HILLCREST,KWAZULU-NATAL
Noor,MSY MAYAT OPTOMETRIST,DURBAN,KWAZULU-NATAL
Noor,OPTIC EXCLUSIVE,DURBAN,KWAZULU-NATAL
Noor,L SUBRAMONEY OPTOMETRIST,DURBAN,KWAZULU-NATAL
Noor,MKHONTO L OPTOMETRIST,PONGOLA,KWAZULU-NATAL
Noor,N. N. BHAGWANDAS OPTOMETRIST,DURBAN,KWAZULU-NATAL
Noor,EYEDEAL OPTICAL,VERULAM,KWAZULU-NATAL
Noor,ASMAL OPTOMETRIST,LADYSMITH,KWAZULU-NATAL
Noor,FAIZAL MOHAMMED OPTOMETRISTS,NEWCASTLE,KWAZULU-NATAL
Noor,DURBAN NORTH OPTOMETRISTS INCORPORATED,MOUNT EDGECOMBE,KWAZULU-NATAL
Noor,SARDIWWALLA OPTOMETRIST - HOWICK,HOWICK,KWAZULU-NATAL
Noor,F MOTALA OPTOMETRIST,DURBAN,KWAZULU-NATAL
Noor,L. SUBRAMONEY OPTOMETRIST,DURBAN,KWAZULU-NATAL
Noor,WESTVILLE EYECARE OPTOMETRIST,WESTVILLE,KWAZULU-NATAL
Noor,LIFESTYLE OPTICAL,PHOENIX,KWAZULU-NATAL
Noor,SIGNATURE EYECARE ,PHOENIX,KWAZULU-NATAL
Noor,N DEONATH OPTOMETRIST,TONGAAT,KWAZULU-NATAL
Noor,SUPERSPECS OPTOMETRIST,NEWCASTLE,KWAZULU-NATAL
Noor,GM VAHED OPTOMETRIST,TONGAAT,KWAZULU-NATAL
Noor,NTSHANGASE EYE CARE,ULUNDI,KWAZULU-NATAL
Noor,YUSUF M SEEDAT OPTICAL,ISPINGO RAIL,KWAZULU-NATAL
Noor,THE EYE GALLERY - DURBAN,DURBAN,KWAZULU-NATAL
Noor,OPTIFOCUS OPTOMETRIST,DURBAN,KWAZULU-NATAL
Noor,OPTITEK OPTOMETRIST,DURBAN,KWAZULU-NATAL
Noor,OSMANS OPTICAL PIETERMARITZBURG,PIETERMARITZBURG,KWAZULU-NATAL
Noor,PAUL RAMKISSOON OPTOMETRIST,NEWCASTLE,KWAZULU-NATAL
Noor,PLOWS OPTOMETRIST,ESTCOURT,KWAZULU-NATAL
Noor,RAHM & FRIDERICHS,DURBAN,KWAZULU-NATAL
Noor,RAMDEV OPTOMETRIST,UMZINTO,KWAZULU-NATAL
Noor,RAUFF OPTOMETRIST,DURBAN,KWAZULU-NATAL
Noor,RAVENDREE PATHER OPTOMETRIST (PTY) LTD,PHOENIX,KWAZULU-NATAL
Noor,KIJK OPTOMETRISTS,BALLITO,KWAZULU-NATAL
Noor,ADAM OPTICAL,DURBAN,KWAZULU-NATAL
Noor,SAULSBURRY OPTICAL,DURBAN,KWAZULU-NATAL
Noor,SE MKHWANAZI OPTOMETRIST,EMPANGENI,KWAZULU-NATAL
Noor,SHANNON DRIVE OPTOMETRIST,RESERVOIR HILLS,KWAZULU-NATAL
Noor,SOS OPTOMETRISTS,UMHLANGA,KWAZULU-NATAL
Noor,SP MAJOLA EYECARE,NONGOMA,KWAZULU-NATAL
Noor,SUNSHINE OPTICAL,ESTCOURT,KWAZULU-NATAL
Noor,SUNSTOPPERS,DURBAN,KWAZULU-NATAL
Noor,VISION WORKS  OPTOMETRISTS - UMHLANGA,UMHLANGA,KWAZULU-NATAL
Noor,V.C BUDHIA OPTOMETRIST,DURBAN,KWAZULU-NATAL
Noor,GOGAS I CARE OPTICAL,NEWCASTLE,KWAZULU-NATAL
Noor,VINAY N. DOOKHI,CHARTSWORTH,KWAZULU-NATAL
Noor,VISION WORKS WESTOWN,SHONGWENI,KWAZULU-NATAL
Noor,VISION WORKS BALLITO,BALLITO,KWAZULU-NATAL
Noor,WINDERMERE OPTOMETRISTS,DURBAN,KWAZULU-NATAL
Noor,GERARD PRINSLOO OPTOMETRIST,RICHARDS BAY,KWAZULU-NATAL
Noor,K VISION OPTOMETRISTS,PONGOLA,KWAZULU-NATAL
Noor,YUSUF SEEDAT OPTOMETRIST,PIETERMARITZBURG,KWAZULU-NATAL
Noor,Z ABDOOL KADER OPTOMETRIST,DURBAN,KWAZULU-NATAL
Noor,ZA KHAN OPTOM,DURBAN,KWAZULU-NATAL
Noor,ZWIDE OPTICARE,TUGELA FERRY,KWAZULU-NATAL
,,,
,,,
,,,
